<?xml version="1.0" encoding="utf-8" standalone="yes"?>
<ArchivoSICVECA NS0:noNamespaceSchemaLocation="NEC2024_GarantiasReales.xsd" xmlns:NS0="http://www.w3.org/2001/XMLSchema-instance">
  <Encabezado>
    <ClaseDato>52</ClaseDato>
    <VersionClaseDato>1.0</VersionClaseDato>
    <Archivo>5205</Archivo>
    <VersionArchivo>2.0</VersionArchivo>
    <Periodo>01/01/2022</Periodo>
    <IdEntidad>3101192928</IdEntidad>
    <TipoCarga>1</TipoCarga>
    <TipoMoneda>1</TipoMoneda>
  </Encabezado>
  <Datos>
    <Registro id="" accion="">
      <IdGarantiaReal></IdGarantiaReal>
      <TipoBienGarantiaReal></TipoBienGarantiaReal>
      <MontoUltimaTasacionTerreno></MontoUltimaTasacionTerreno>
      <MontoUltimaTasacionNoTerreno></MontoUltimaTasacionNoTerreno>
      <FechaUltimaTasacionGarantia></FechaUltimaTasacionGarantia>
      <FechaUltimoSeguimientoGarantia></FechaUltimoSeguimientoGarantia>
      <TipoMonedaTasacion></TipoMonedaTasacion>
      <FechaConstruccion></FechaConstruccion>
      <TipoPersonaTasador></TipoPersonaTasador>
      <IdTasador></IdTasador>
      <TipoPersonaEmpresaTasadora></TipoPersonaEmpresaTasadora>
      <IdEmpresaTasadora></IdEmpresaTasadora>
      <IndicadorPolizaGarantiaReal></IndicadorPolizaGarantiaReal>
      <TipoColateralReal></TipoColateralReal>
      <PorcentajeRecuperacionColateralReal></PorcentajeRecuperacionColateralReal>
      <Tiempo></Tiempo>
      <PorcentajeFactorDescuentoTiempo></PorcentajeFactorDescuentoTiempo>      
    </Registro>
  </Datos>
</ArchivoSICVECA>