﻿<?xml version="1.0" encoding="utf-8" standalone="yes"?>
<ArchivoSICVECA NS0:noNamespaceSchemaLocation="NEC2024_GarantiasValores.xsd" xmlns:NS0="http://www.w3.org/2001/XMLSchema-instance">
  <Encabezado>
    <ClaseDato>52</ClaseDato>
    <VersionClaseDato>1.0</VersionClaseDato>
    <Archivo>5206</Archivo>
    <VersionArchivo>2.0</VersionArchivo>
    <Periodo>01/01/2022</Periodo>
    <IdEntidad>3101192928</IdEntidad>
    <TipoCarga>1</TipoCarga>
    <TipoMoneda>1</TipoMoneda>
  </Encabezado>
  <Datos>
    <Registro id="" accion="">
      <IdGarantiaValor></IdGarantiaValor>
      <TipoClasificacionInstrumento></TipoClasificacionInstrumento>
      <TipoPersona></TipoPersona>
      <IdEmisor></IdEmisor>
      <IdInstrumento></IdInstrumento>
      <SerieInstrumento></SerieInstrumento>
      <Premio></Premio>
      <CodigoISIN></CodigoISIN>
      <TipoAsignacionCalificacion></TipoAsignacionCalificacion>
      <CategoriaCalificacion></CategoriaCalificacion>
      <CodigoCalificacionRiesgo></CodigoCalificacionRiesgo>
      <CodigoEmpresaCalificadora></CodigoEmpresaCalificadora>
      <ValorFacial></ValorFacial>
      <TipoMonedaValorFacial></TipoMonedaValorFacial>
      <ValorMercado></ValorMercado>
      <TipoMonedaValorMercado></TipoMonedaValorMercado>
      <FechaConstitucion></FechaConstitucion>
      <FechaVencimiento></FechaVencimiento>
      <TipoColateralFinanciero></TipoColateralFinanciero>
      <CodigoCalificacionInstrumento></CodigoCalificacionInstrumento>
      <PorcentajeAjusteRc></PorcentajeAjusteRc>
    </Registro>
  </Datos>
</ArchivoSICVECA>