<?xml version="1.0" encoding="utf-8" standalone="yes"?>
<ArchivoSICVECA NS0:noNamespaceSchemaLocation="NEC2024_Operaciones.xsd" xmlns:NS0="http://www.w3.org/2001/XMLSchema-instance">
  <Encabezado>
    <ClaseDato>51</ClaseDato>
    <VersionClaseDato>1.0</VersionClaseDato>
    <Archivo>5103</Archivo>
    <VersionArchivo>2.0</VersionArchivo>
    <Periodo>01/09/2022</Periodo>
    <IdEntidad>3101048587</IdEntidad>
    <TipoCarga>1</TipoCarga>
    <TipoMoneda>1</TipoMoneda>
  </Encabezado>
  <Datos>
    <Registro id="1" accion="insertar">
      <TipoOperacionSFN></TipoOperacionSFN>
      <TipoPersonaDeudor></TipoPersonaDeudor>
      <IdDeudor></IdDeudor>
      <IdOperacionCredito></IdOperacionCredito>
      <IdLineaCredito></IdLineaCredito>
      <IndicadorOperacionModificada></IndicadorOperacionModificada>
      <IndicadorPresentaCodeudores></IndicadorPresentaCodeudores>
      <TipoEnfoque></TipoEnfoque>
      <TipoSegmento></TipoSegmento>
      <CodigoEtapa></CodigoEtapa>
      <CodigoCategoriaRiesgo></CodigoCategoriaRiesgo>
      <TasaIncumplimiento></TasaIncumplimiento>
      <LGDMinimoCombinado></LGDMinimoCombinado>
      <LGDPromedio></LGDPromedio>
      <LGDRegulatorio></LGDRegulatorio>
      <TipoOperacion></TipoOperacion>
      <TipoCatalogoSUGEF></TipoCatalogoSUGEF>
      <CodigoPaisDestinoCredito></CodigoPaisDestinoCredito>
      <CodigoProvinciaDestinoCredito></CodigoProvinciaDestinoCredito>
      <CodigoCantonDestinoCredito></CodigoCantonDestinoCredito>
      <CodigoDistritoDestinoCredito></CodigoDistritoDestinoCredito>
      <CodigoProvinciaDependenciaCredito></CodigoProvinciaDependenciaCredito>
      <CodigoCantonDependenciaCredito></CodigoCantonDependenciaCredito>
      <TipoCarteraCrediticia></TipoCarteraCrediticia>
      <TipoEstadoOperacionCrediticia></TipoEstadoOperacionCrediticia>
      <DiasMaximaMorosidad></DiasMaximaMorosidad>
      <MontoFormalizadoOperacionCrediticia></MontoFormalizadoOperacionCrediticia>
      <TipoMonedaOperacion></TipoMonedaOperacion>
      <MontoOperacionAutorizado></MontoOperacionAutorizado>
      <CuentaContablePrincipal></CuentaContablePrincipal>
      <SaldoPrincipalOperacionCrediticia></SaldoPrincipalOperacionCrediticia>
      <CuentaContablePrincipalConDepositoPrevio></CuentaContablePrincipalConDepositoPrevio>
      <SaldoPrincipalConDepositoPrevio></SaldoPrincipalConDepositoPrevio>
      <CuentaContableProductosPorCobrar></CuentaContableProductosPorCobrar>
      <SaldoProductosPorCobrar></SaldoProductosPorCobrar>
      <CuentaContablePorDesembolsarConCompromiso></CuentaContablePorDesembolsarConCompromiso>
      <SaldoPorDesembolsarConCompromiso></SaldoPorDesembolsarConCompromiso>
      <CuentaContableComisiones></CuentaContableComisiones>
      <SaldoComisionesOperacionesContingentes></SaldoComisionesOperacionesContingentes>
      <CuentaContableSaldoPendienteUtilizacionSinCompromiso></CuentaContableSaldoPendienteUtilizacionSinCompromiso>
      <SaldoPendienteUtilizacionSinCompromiso></SaldoPendienteUtilizacionSinCompromiso>
      <MontoDesembolsado></MontoDesembolsado>
      <FechaFormalizacion></FechaFormalizacion>
      <FechaVencimiento></FechaVencimiento>
      <EAD></EAD>
      <SaldoOperacionSegmentacion></SaldoOperacionSegmentacion>
      <TipoFrecuenciaPagoActualPrincipal></TipoFrecuenciaPagoActualPrincipal>
      <TipoFrecuenciaPagoActualIntereses></TipoFrecuenciaPagoActualIntereses>
      <FechaVencimientoPeriodoGraciaPrincipal></FechaVencimientoPeriodoGraciaPrincipal>
      <TasaLey7472></TasaLey7472>
      <TasaInteresNominalVigente></TasaInteresNominalVigente>
      <IndicadorTipoTasa></IndicadorTipoTasa>
      <FactorDeTiempoCalculoIntereses></FactorDeTiempoCalculoIntereses>
      <IndicadorFormaPagoVigentePrincipal></IndicadorFormaPagoVigentePrincipal>
      <IndicadorFormaPagoVigenteIntereses></IndicadorFormaPagoVigenteIntereses>
      <FechaCorteOperacion></FechaCorteOperacion>
      <FechaProximoPagoPrincipal></FechaProximoPagoPrincipal>
      <FechaProximoPagoIntereses></FechaProximoPagoIntereses>
      <FechaAmortizacionHasta></FechaAmortizacionHasta>
      <FechaInteresHasta></FechaInteresHasta>
      <FechaPagoPactadoPrincipal></FechaPagoPactadoPrincipal>
      <FechaPagoPactadoIntereses></FechaPagoPactadoIntereses>
      <PlazoOperacionDias></PlazoOperacionDias>
      <TipoCuotaPrincipal></TipoCuotaPrincipal>
      <MontoCuotaPrincipalActual></MontoCuotaPrincipalActual>
      <MontoCuotaInteresesActual></MontoCuotaInteresesActual>
      <IndicadorOperacionNueva></IndicadorOperacionNueva>
      <MontoRecuperacionPrincipal></MontoRecuperacionPrincipal>
      <MontoOtrosAumentosDePrincipal></MontoOtrosAumentosDePrincipal>
      <MontoOtrasDisminucionesDePrincipal></MontoOtrasDisminucionesDePrincipal>
      <IndicadorBacktoBack></IndicadorBacktoBack>
      <IndicadorCreditoSindicado></IndicadorCreditoSindicado>
      <IndicadorOperacionEspecial></IndicadorOperacionEspecial>
      <TipoMotivoOperacionEspecial></TipoMotivoOperacionEspecial>
      <CodigoClausulaLimiteCredito></CodigoClausulaLimiteCredito>
      <FechaCambioTipoTasa></FechaCambioTipoTasa>
      <TipoFrecuenciaAjusteTasaInteresVariable></TipoFrecuenciaAjusteTasaInteresVariable>
      <TipoParametroReferenciaTasaInteresVariable></TipoParametroReferenciaTasaInteresVariable>
      <PorcentajeComponenteVariableTasaInteresVariable></PorcentajeComponenteVariableTasaInteresVariable>
      <PorcentajeComponenteFijoTasaInteresVariable></PorcentajeComponenteFijoTasaInteresVariable>
      <LimiteInferiorTasaInteresVariable></LimiteInferiorTasaInteresVariable>
      <LimiteSuperiorTasaInteresVariable></LimiteSuperiorTasaInteresVariable>
      <MontoEstimacionEspecifica></MontoEstimacionEspecifica>
      <MontoEstimacionAvales></MontoEstimacionAvales>
      <TipoProgramaAutorizadoSBD></TipoProgramaAutorizadoSBD>
      <IndicadorCreditoGrupalSolidarioSBD></IndicadorCreditoGrupalSolidarioSBD>
      <TipoSectorPrioritarioDeudorSBD></TipoSectorPrioritarioDeudorSBD>
      <IdFondeadorSBD></IdFondeadorSBD>
      <TipoPersonaIdFondeadorSBD></TipoPersonaIdFondeadorSBD>
      <IndicadorOperacionCedidaEnGarantia></IndicadorOperacionCedidaEnGarantia>
      <PorcentajePonderadorSPD></PorcentajePonderadorSPD>
      <PorcentajePonderadorSPC></PorcentajePonderadorSPC>
      <PorcentajeIndicadorLTV></PorcentajeIndicadorLTV>
      <IndicadorCambioClimatico></IndicadorCambioClimatico>
      <TipoClasificacionRiesgoClimatico></TipoClasificacionRiesgoClimatico>
      <TipoMetodologiaClimatico></TipoMetodologiaClimatico>
      <TipoPotencialidadImpactoClimatico></TipoPotencialidadImpactoClimatico>
    </Registro>
  </Datos>
</ArchivoSICVECA>